new_user_id,old_clerk_id,email,first_name,last_name,full_name,phone_number,email_verified,oauth_providers,clerk_created_at,clerk_last_sign_in_at,db_user_found,db_contacts_count,db_has_settings,db_plan_tier
"c9033125-1f6e-459f-9e0d-47cc31837f7f","user_3JQLWLSMljB58dIySftIp2Dh8ON","info@aryanshinde.in","Aryan","Shinde","Aryan Shinde","","true","oauth_google","2026-09-16T19:52:55.309Z","2026-09-16T19:52:55.333Z","true","1","true","FREE"
"bf1a8f17-f436-4716-921d-e45072d88229","user_3I0hcPp7PEMGwYChm07swP8Wprb","gamingakter25@gmail.com","Gaming","Akter","Gaming Akter","","true","oauth_google","2026-08-16T19:11:11.818Z","2026-08-16T19:11:11.850Z","true","0","true","FREE"
"c3b5c4c0-517e-4251-93f1-325ae55dd224","user_3Hg8B7yWcTXEu8toKrQHNPpcy6U","harxatech@gmail.com","Harxa","Tech","Harxa Tech","","true","oauth_google","2026-08-09T12:23:32.975Z","2026-08-09T12:23:33.015Z","true","0","true","FREE"
"a32ccd4a-1f25-4044-ab39-9fe5380e5d08","user_3HN3PpZTotFGjRU43Cf8UPyMgmt","spridonpapas@gmail.com","test","test","test test","","true","none","2026-08-02T18:17:57.836Z","2026-08-02T18:17:57.856Z","true","0","true","FREE"
"74ea976e-3ed2-40b3-819c-addc8ca575c8","user_3GxulHfH4HdrWZ9C7OFAAUey4uZ","456mohamedsimo@gmail.com","mohamed","jaber","mohamed jaber","","true","oauth_google","2026-07-24T20:41:30.568Z","2026-07-24T20:41:30.582Z","true","0","true","FREE"
"1ff5a868-2f36-46e7-bd60-96ca2edea8ac","user_3GfFuF4n318zyRVR5UUzj5TqyGH","pubg73player@gmail.com","pubg","player","pubg player","","true","oauth_google","2026-07-18T06:08:56.468Z","2026-07-18T06:08:56.506Z","true","0","true","FREE"
"39d06ea0-3984-4850-b974-95715a558a00","user_3GJjpvbYwapJZgdU9yXZGoC0h0P","niladirumah80@gmail.com","Nila dirumah","","Nila dirumah","","true","oauth_google","2026-07-10T15:19:11.992Z","2026-07-10T15:19:12.018Z","true","0","true","FREE"
"5a782c96-8318-488e-ab39-4ce32b402692","user_3FqReNIWK1hyruCuiZKqCEIyk71","orderfastaceriashop@gmail.com","Fasta","Ceria Shop","Fasta Ceria Shop","","true","oauth_google","2026-06-30T06:25:06.137Z","2026-06-30T06:25:06.158Z","true","0","true","FREE"
"abce492a-48bd-4b99-bb6f-7e13420d88f5","user_3FVsf9lxClTjyaEJFe0pGZf8nBz","devoutlooks@gmail.com","Dev","Outlooks","Dev Outlooks","","true","oauth_google","2026-06-22T23:41:11.378Z","2026-06-22T23:41:11.411Z","true","0","true","FREE"
"4331541d-aacb-4827-80b4-73a79eb9ac4d","user_3F6gR7JkfJHrAfP4eeFd3J8PepX","ersnidhi@gmail.com","Shubhash N","Thakur","Shubhash N Thakur","","true","oauth_google","2026-06-14T01:35:21.586Z","2026-06-14T01:35:21.599Z","true","0","true","FREE"
"d2b996af-37d4-47ab-ab23-22dfdb98e016","user_3F5gv0SuE1hyIlecVdvU8EA9bzG","hanirizo@gmail.com","Riza","Masykur","Riza Masykur","","true","oauth_google","2026-06-13T17:09:30.098Z","2026-06-13T17:09:30.125Z","true","0","false","FREE"
"1ce874bc-f704-4265-a2f6-cb00011dcb76","user_3EgNBqIJVNMVqicjskmTL0mE9qC","help.akash7@gmail.com","Akash","Jangir","Akash Jangir","","true","oauth_google","2026-06-04T18:01:59.078Z","2026-06-04T18:01:59.092Z","true","0","true","FREE"
"f6bd56a0-52b4-42af-b658-ea719798d765","user_3EWJBCTb76DUKhPIVDZIIc3mX0o","shivanshbisnoi@gmail.com","Shivansh","Bishnoi","Shivansh Bishnoi","","true","oauth_google","2026-06-01T04:30:54.202Z","2026-06-01T04:30:54.232Z","true","0","true","FREE"
"125f35d3-155e-421d-ba07-f1aa5e73c576","user_3EKFPzC6jFcI2JJqmvktie3Q7TI","promo@asmyi.yoga","Promotion","Center","Promotion Center","","true","oauth_google","2026-05-27T22:02:13.313Z","2026-05-27T22:02:13.324Z","true","1","true","FREE"
"5c06ca31-0924-4795-bddb-3f69ee7de092","user_3E2sZ3In9QRxT4Q3gEM7ggwheyM","bheesmalord@gmail.com","Lord","Bheesma","Lord Bheesma","","true","oauth_google","2026-05-21T18:27:30.150Z","2026-05-21T18:27:30.172Z","true","0","false","FREE"
"85d2eff6-9750-411e-a5ca-676de1de88d3","user_3Dx7JxRTFO6jamlVrAJTjcJ4UOT","jilinis302@itquoted.com","Test","User","Test User","","true","none","2026-05-19T17:29:58.276Z","2026-05-30T11:36:26.767Z","true","0","true","FREE"
"4c668599-7857-424f-a9e3-6b4999a7b5c4","user_3Du527XyrrV7BTa2a0EbuME649j","meetdonda3526@gmail.com","Meet","Donda","Meet Donda","","true","oauth_google","2026-05-18T15:41:43.247Z","2026-05-18T15:41:43.271Z","true","0","true","FREE"
"780dd1c7-077d-4c8e-a263-392015586a06","user_3D00J96neTvesF5a5ewU1MPXMO1","sulzax0@gmail.com","Suleman","Bashir","Suleman Bashir","","true","none","2026-04-28T19:13:24.973Z","2026-04-28T19:13:24.997Z","true","0","true","FREE"
"40b1a07c-d16e-4995-bd92-4ce3ffde3c35","user_3Ctx79sX4h18ym2jMvXzAupgB2o","fibonaccitradingschool@gmail.com","Fibonacci trading","School","Fibonacci trading School","","true","oauth_google","2026-04-26T15:48:17.291Z","2026-04-26T15:48:17.348Z","true","0","false","FREE"
"bf63347e-c4da-4ccc-9b27-fbe906032ce8","user_3CpFNsInznU0ubUBxxAWTAR53y1","vaersimulation@gmail.com","SaravanaPerumal","N","SaravanaPerumal N","","true","none","2026-04-24T23:49:27.072Z","2026-04-24T23:49:27.102Z","true","0","true","FREE"
"1f87b1ae-8b0a-4389-9f3f-d7c8cfd93936","user_3CauONW4hrBinkH4ibF9qPgkvfJ","vegisip103@tatefarm.com","KUMARASWAMY","B","KUMARASWAMY B","","true","none","2026-04-19T21:59:28.482Z","2026-04-19T21:59:28.512Z","true","0","true","FREE"
"7f8210f6-5b23-4ce1-bfb3-74597aebf7c6","user_3CC1CApyGHG1fIL6Q95phxGba0B","yousuf.9305@gmail.com","Joseph","","Joseph","","true","oauth_google","2026-04-11T02:30:07.151Z","2026-04-11T02:30:07.196Z","true","1","true","FREE"
"2d5ce1d3-f81f-439b-9b5e-5d8dd54d0747","user_3C8zlQRBylo85mIVMj0v8V9NyNF","eu@jonatassoares.com","jonatas","soares","jonatas soares","","true","oauth_google","2026-04-10T00:48:55.157Z","2026-04-10T00:48:55.168Z","true","0","true","FREE"
"cc22bd89-068e-4426-979f-ea2dbd211a85","user_3C48gULLqHfbdspN7RUlRiNivQI","vangalasrk@gmail.com","Srk","vangala","Srk vangala","","true","oauth_google","2026-04-08T07:33:12.187Z","2026-04-08T07:33:12.212Z","true","0","true","FREE"
"4293403f-9a30-41e4-96ee-abec4793a2f9","user_3C2qAUih1J5fgLJ40pMCFRfGBd6","falak635@uorak.com","Samuel","Santos","Samuel Santos","","true","none","2026-04-07T20:31:08.365Z","2026-04-07T20:31:08.381Z","true","0","true","FREE"
"21ade56b-6f3d-4c5a-8fa1-8c8dc1b1160a","user_3ByGgy5QofMgqfUbezU11wqCdhZ","cchitsiang@gmail.com","Chew","Chit Siang","Chew Chit Siang","","true","oauth_google","2026-04-06T05:40:11.496Z","2026-04-06T05:40:11.514Z","true","0","true","FREE"
"71968d63-40cc-4fd9-b2a2-78d3bac38467","user_3BntKp30ihZImXOCXb6rcggOtMo","younessetalibi11@gmail.com","Younes","Talibi","Younes Talibi","","true","oauth_google","2026-04-02T13:30:00.639Z","2026-04-02T13:30:00.672Z","true","0","true","FREE"
"bd3c3212-ef96-4e4d-a06f-b4bb72efde09","user_3BURr6M2UektB144IwlY9uXJClJ","shakirshakeelzargar11@gmail.com","Shakir","Shakeel","Shakir Shakeel","","true","oauth_google","2026-03-26T16:17:37.243Z","2026-03-26T16:17:37.261Z","true","2","true","FREE"
"daf690ac-b4b0-40a0-8c01-6051d8d55b33","user_3BMdnRBpIAbu3AG2m612tPRoyb7","abalderas.dev@gmail.com","Alberto","Balderas","Alberto Balderas","","true","oauth_google","2026-03-23T21:57:19.925Z","2026-03-23T21:57:19.938Z","true","0","false","FREE"
"520328ad-447b-4980-aaf4-81dea48b517d","user_3BMUoPRI6UTnm2vrwV48Kca1nju","maicollassop@gmail.com","Michael","Lasso","Michael Lasso","","true","oauth_google","2026-03-23T20:43:26.909Z","2026-03-23T20:43:26.927Z","true","1","true","FREE"
"74004315-419b-4f82-a866-e708a85b3a8f","user_3BFlrMDHSyA0PCtgP4RGdjc7WsI","studytogollp@gmail.com","studytogo","","studytogo","","true","oauth_google","2026-03-21T11:34:56.717Z","2026-03-21T11:34:56.747Z","true","0","false","FREE"
"8a2af39a-b714-4fb0-9f55-6b485379313c","user_3BCwzphI7CGKglGoijpfDsT18rC","hivaje1082@pazard.com","од","бтд","од бтд","","true","none","2026-03-20T11:37:04.979Z","2026-03-20T11:37:05.186Z","true","0","true","FREE"
"71194c98-a6e4-47e4-bc4e-9ce90ed3dc72","user_3BBBJXiRgFLQgngmNypQYpybCLZ","danny@afridesign.com","Danny","Cameron","Danny Cameron","","true","oauth_google","2026-03-19T20:35:11.436Z","2026-03-19T20:35:11.461Z","true","0","true","FREE"
"bfde2a71-b5db-484f-a4ee-dd26c971dbc5","user_3B9thpoLIdOORbgEKHPFJHl6cvf","wachat@aryanshinde.in","Aryan","Shinde","Aryan Shinde","","true","none","2026-03-19T09:40:35.685Z","2026-06-25T22:26:24.817Z","true","0","true","FREE"
"bfbbe6fa-bd00-480e-ab38-f4826e5205d7","user_3B1t5TA7bHyspMVBhBqMXjcBnyx","manishrs5235@gmail.com","Manish","Shinde","Manish Shinde","","true","oauth_google","2026-03-16T13:37:00.810Z","2026-03-16T13:37:00.829Z","true","0","true","FREE"
"22300e00-9449-4507-a654-62d0fd040724","user_3AwVh62he2MfqZifZ0A2WHiucOJ","gonzalezagipomaralexander@gmail.com","Cristhian Gonzalez","GONZALEZ","Cristhian Gonzalez GONZALEZ","","true","none","2026-03-14T15:55:35.024Z","2026-03-14T15:55:35.046Z","true","0","true","FREE"
"1f093155-fd03-40ee-bd4f-7fe1429b1b8e","user_3AtfOPTRbTuZaEJlGfdgDwZuxg4","seekeasy.ae@gmail.com","Seek","Easy","Seek Easy","","true","oauth_google","2026-03-13T15:45:54.803Z","2026-03-13T15:45:54.823Z","true","0","true","FREE"
"b8e22ae3-3db1-4cdd-bc51-b5f2222ac013","user_3AteuueiJmtLeqfaZ9GJ8BwOlBi","arafinjazat@gmail.com","araf","injazat","araf injazat","","true","oauth_google","2026-03-13T15:41:59.704Z","2026-03-13T15:41:59.722Z","true","0","true","FREE"
"c4029c0d-e90f-43e0-af60-b2c743e2ba09","user_3Ao4sPDtCdb3B1E1BEzWNol3OLm","apilasoft@gmail.com","API lasoft","API lasoft","API lasoft API lasoft","","true","oauth_google","2026-03-11T16:16:34.902Z","2026-03-11T16:16:34.932Z","true","0","true","FREE"
"b5a0a782-3b98-4d8e-993f-a45c32c79c8f","user_3AgLX9PZsZXneTGLVlPTliUAf6I","vinnimedeiros.mkt@gmail.com","Vinni","Medeiros","Vinni Medeiros","","true","oauth_google","2026-03-08T22:35:03.791Z","2026-03-08T22:35:03.803Z","true","0","true","FREE"
"ebbc0ddf-dd3d-4244-8e56-dd6250ffe285","user_3AXECyUzbZwAk1NrqGLK65mwHTD","pkmymoonpk@gmail.com","Mymoon","P.","Mymoon P.","","true","oauth_google","2026-03-05T17:06:30.353Z","2026-03-05T17:06:30.400Z","true","0","true","FREE"
"0abb127c-378a-4959-8a5e-72737f519ebb","user_3AJ8uX2CoUtmmDdaronFSmeplZf","iletisim@emredik.com","Emre","Dik","Emre Dik","","true","oauth_google","2026-02-28T17:25:35.215Z","2026-02-28T17:25:35.233Z","true","0","true","FREE"
"d5ca9eef-950c-4835-b9ba-8d3d6f7dd922","user_3AFgxXUP0qiNkTaGjjbk4q9rthx","ayushrajayushraj350@gmail.com","Ayush Raj","Ayush Raj","Ayush Raj Ayush Raj","","true","oauth_google","2026-02-27T12:06:19.011Z","2026-02-27T12:06:19.057Z","true","1","true","FREE"
"412ec748-ccd0-4a5a-a086-816398feecd9","user_3AB57FOxxZIq9N0Bsyrx72WnNHe","ayushrajayushhh@gmail.com","Ayush","Raj","Ayush Raj","","true","oauth_google","2026-02-25T20:55:53.524Z","2026-07-08T10:07:40.847Z","true","4","true","FREE"
"6df1f562-b8f4-48f2-aa07-65889966a23f","user_3A2MPM8CfUiHWv6D6MEpf4UmIqG","rodrigo.marino@platam.co","Rodrigo","Marino","Rodrigo Marino","","true","oauth_google","2026-02-22T18:49:46.995Z","2026-02-22T18:49:47.029Z","true","0","false","FREE"
"7083e814-bcd7-4add-8654-98f14d46419b","user_39vI517ViLQxG9AOwFZoyOWmQVy","rajat.saraswat@westack.ai","Rajat","Saraswat","Rajat Saraswat","","true","oauth_google","2026-02-20T06:45:30.797Z","2026-02-20T06:45:30.835Z","true","0","true","FREE"
"2fbf5edc-cd80-4788-8d59-c283e803b6e2","user_39tsZh0OqzQRbgcNUxVNXgbbgPN","anasusman0324@gmail.com","Muhammad Anas","Usman","Muhammad Anas Usman","","true","oauth_google","2026-02-19T18:45:58.497Z","2026-02-19T18:45:58.516Z","true","0","true","FREE"
"c2ad09cb-71c9-4fd9-9456-b8a5b9abcab6","user_39qD3dbihMxdYqzW4mdeHscJcJK","hmdhsn5555@gmail.com","Hamad","Hassan","Hamad Hassan","","true","oauth_google","2026-02-18T11:35:08.430Z","2026-02-18T11:35:08.445Z","true","0","true","FREE"
"e07c3ac9-1e17-4e25-a594-78ea1616740e","user_39pzC3HmacD26tdBHZbxlniUp4j","blacklovertech66@gmail.com","blacklovertech","","blacklovertech","","true","oauth_google","2026-02-18T09:41:08.231Z","2026-02-18T09:41:08.246Z","true","0","true","FREE"
"6ac7658d-c7ea-461d-b5ca-5713869fe2cc","user_39ol6ghuWB0cYRvjQxMVDznGbd3","karisikkirisik@gmail.com","Emre","Yücetürk","Emre Yücetürk","","true","oauth_google","2026-02-17T23:15:30.957Z","2026-02-17T23:15:30.975Z","true","0","false","FREE"
"f9a22ded-e44a-4c9c-bb09-3394170e143d","user_39oMNeDCM5dNLttv2llBG9Z3vE2","bizapisolution@gmail.com","Biz Api","Solutions","Biz Api Solutions","","true","oauth_google","2026-02-17T19:52:11.099Z","2026-02-17T19:52:11.558Z","true","0","true","FREE"
"dcf08284-0a27-4f35-bfa9-c309bc14f7c2","user_39oHZf3854ZRzejYbmMe7ijpTAb","sachinkrpandey77@gmail.com","sachin","pandey","sachin pandey","","true","oauth_google","2026-02-17T19:12:39.541Z","2026-06-16T12:25:41.842Z","true","2775","true","SILVER"
"ec870d18-d2f8-402e-b42a-f0bb3f235ccf","user_39nxqTUfAxGThzWn9XUiQbfv4zv","jackcharlessmith12@gmail.com","Test","Charles","Test Charles","","true","none","2026-02-17T16:30:26.543Z","2026-02-17T16:30:26.557Z","true","0","true","FREE"
"7c8d0436-5829-4db9-9cfc-3eae388586e7","user_39iAcIcqkK9cpqlsw6fLayF55dP","maximus.shah2017@voiceglobals.com","DIM","DOM","DIM DOM","","true","none","2026-02-15T15:16:35.047Z","2026-02-15T15:16:35.057Z","true","0","true","FREE"
"d9746bcb-3c62-4168-9bd7-a93448c36b20","user_39i8vCGaESW1OQgtvO6ajCQD8JS","neuroedge05@gmail.com","Neuro","Edge","Neuro Edge","","true","oauth_google","2026-02-15T15:02:38.327Z","2026-02-15T15:02:38.339Z","false","0","false","N/A"
"fca7c2a5-38eb-43e5-8e1f-3fe9198e659b","user_39i3UQyAg2TdJvZHDhU4pmtwrfA","pikoce9195@deposin.com","Demo","User","Demo User","","true","none","2026-02-15T14:17:58.457Z","2026-02-15T14:17:58.466Z","true","0","true","FREE"
"3b8d9c42-4690-4677-83db-6e4b18f9bdf5","user_39hzwx2bZXgbqJGMMQ2LRtxSXmf","devallyofficial@gmail.com","DevAlly","","DevAlly","","true","oauth_google","2026-02-15T13:48:52.385Z","2026-09-28T14:02:03.057Z","true","12","true","SILVER"
"69b30efd-7ddc-4df5-beb2-63dc4f3726b5","user_39hyTOLEidbAyZH08qfgvPPBpfc","10d.yashnimse@gmail.com","Yash Nimse","X D","Yash Nimse X D","","true","oauth_google","2026-02-15T13:36:43.069Z","2026-02-15T13:36:43.080Z","true","0","true","FREE"
"4a445910-7964-4f8d-850b-1a8a8e76c6f4","user_39hyIq0bWHYulqAj9oxjqPzmMnl","serena.vazquez2007@eldoriaan.com","Yash","Nimse","Yash Nimse","","true","none","2026-02-15T13:35:19.060Z","2026-02-15T13:35:19.069Z","true","0","false","FREE"
"df73df41-2dda-41ed-b8f3-17cd570a32ef","user_39hvOVXPa4rFi1ZJZuSja3T88pB","vijayanimse41@gmail.com","Vijaya","Nimse","Vijaya Nimse","","true","oauth_google","2026-02-15T13:11:24.190Z","2026-02-15T13:11:24.201Z","true","0","false","FREE"
"d1836712-5064-421d-abdf-f1c35602056b","user_39hjCyI9x9GoOGZpvrPKYYDXb7O","yashnimse92@gmail.com","Yash","Nimse","Yash Nimse","","true","oauth_google","2026-02-15T11:31:12.836Z","2026-06-04T13:35:49.231Z","true","0","true","FREE"
"0d7fdd9a-f64a-4742-be3f-95e8315fd9ab","user_39hgYJFdBV6SZmByv3EmJVQG2rP","yashnimse42@gmail.com","Yash","Nimse","Yash Nimse","","true","oauth_google","2026-02-15T11:09:22.806Z","2026-02-15T11:09:22.818Z","true","0","true","FREE"
"92872d31-d339-44b9-95f2-56cf64b43671","user_39fjcXnp2YTWNdw3aMmcpEBs1jD","shindearyan179@gmail.com","Aryan","Shinde","Aryan Shinde","","true","oauth_google","2026-02-14T18:34:58.953Z","2026-09-28T13:47:52.924Z","true","20","true","SILVER"
"3a721201-16d4-49bc-863b-12a9a4e36c4a","user_39fM10cGiRvpksnIRFpTWWDpQFX","support@aryanshinde.in","Aryan","Shinde","Aryan Shinde","","true","none","2026-02-14T15:20:52.541Z","2026-02-14T15:20:52.561Z","false","0","false","N/A"
"721a4b12-dcec-4c8d-b299-4416d6e66497","user_39WfNVErVaLwFwtpp3v6FDBfltd","contact@aryanshinde.in","Aryan","Shinde","Aryan Shinde","","true","none","2026-02-11T13:31:47.667Z","2026-09-21T20:55:39.259Z","true","4","true","SILVER"
"6b04ee11-da7d-49f3-a2ac-07ed32a83c45","user_39Uooxyusuq0xWDAp6nZHKB3NAg","matandaelis@gmail.com","Elis","Matanda","Elis Matanda","","true","oauth_google","2026-02-10T21:49:48.497Z","2026-02-10T21:49:48.743Z","false","0","false","N/A"
"e1392412-d148-4538-9572-2062419dfdbd","user_39Qqsp1vpivIfhnBpHr8vCSPcmm","mitzderuler@gmail.com","Amazner","","Amazner","","true","oauth_google","2026-02-09T12:07:31.975Z","2026-02-09T12:07:32.015Z","false","0","false","N/A"
"acf13fab-e491-4d0c-8d55-eb7a63d93d2c","user_39A4ZzEiuSCxg8WnRindFVsj4z3","racide2698@aixind.com","test","test","test test","","true","none","2026-02-03T13:33:20.266Z","2026-02-03T13:33:20.280Z","false","0","false","N/A"
"102d8851-e265-4196-9074-fd0ccc330999","user_39A2NPerMLnKt8Wa458DaAsO1DK","venuhegde6@gmail.com","Tech gopal","Hegde","Tech gopal Hegde","","true","oauth_google","2026-02-03T13:15:13.167Z","2026-02-03T13:15:13.182Z","false","0","false","N/A"
"9b1c91ae-69ff-44a0-82dd-43ae637e63f7","user_38wEPRQH9sLhi25aIX0LCqp3TSL","soporte.ec54@gmail.com","Soporte","","Soporte","","true","oauth_google","2026-01-29T15:56:48.232Z","2026-01-29T15:56:48.250Z","false","0","false","N/A"
"712b0427-b5ba-49bc-baff-5e432fa38689","user_38vvN6aeUz5u7DjxeuIAA95AjBP","sebastionalenda@gmail.com","Jorge","Silvério","Jorge Silvério","","true","oauth_google","2026-01-29T13:20:15.872Z","2026-01-29T13:20:15.889Z","false","0","false","N/A"
"cb29f398-7572-4034-95c8-c77ac94520f0","user_38rFmtC67sV2uCeChbExJuFENMX","farouk.stitou@yaloo.fr.nf","Farouk","Stitou","Farouk Stitou","","true","none","2026-01-27T21:39:04.020Z","2026-01-27T21:39:04.033Z","false","0","false","N/A"
"6125c6d8-36b5-45e1-99e4-e9d371db7203","user_38q48vvfMpPzkexPwKaOMjg13DA","ajaycodetentacles@gmail.com","Ajay","Codetentacles","Ajay Codetentacles","","true","oauth_google","2026-01-27T11:33:31.719Z","2026-01-27T11:33:31.736Z","false","0","false","N/A"
"f7bf7d29-896d-4ae9-93b7-fc558c288dc5","user_38cXN2fBXvZzRW26koD2jUAxH2R","sidrathi36@gmail.com","Sidharth","","Sidharth","","true","oauth_google","2026-01-22T16:36:29.652Z","2026-01-22T16:36:29.670Z","false","0","false","N/A"
"e108351f-58b5-441f-9bdf-867278b2239b","user_38ZOWtlA65RASQYocA5OyYwftYC","darshanmved@gmail.com","Darshan","Ved","Darshan Ved","","true","oauth_google","2026-01-21T13:54:21.608Z","2026-01-21T13:54:21.625Z","false","0","false","N/A"
"41fe03b9-2709-40d4-9c82-aa58a31663bf","user_38Ym2RB70ancmse3DkmHqenzzNf","yanglekh1@gmail.com","Muhammad","Faridz","Muhammad Faridz","","true","oauth_google","2026-01-21T08:37:50.243Z","2026-01-21T08:37:50.257Z","false","0","false","N/A"
"4593bc09-953c-48f1-9273-24846966f3be","user_38XBRM6cUy0p7761g86usI9xlt0","xjonatan@gmail.com","Jonatan","Vazquez Piña","Jonatan Vazquez Piña","","true","oauth_google","2026-01-20T19:07:05.859Z","2026-01-20T19:07:05.875Z","false","0","false","N/A"
"88eb0af8-320c-42a2-a589-c63051c11b02","user_38UtNeQrK5hCSbdeAApWOJVCDfH","demirelaerhat14@gmail.com","Serhat","Demirel","Serhat Demirel","","true","oauth_google","2026-01-19T23:38:58.948Z","2026-01-19T23:38:58.964Z","false","0","false","N/A"
"e4e0aaf9-b754-435d-bf5a-589c665f1191","user_38Esoq7Nb8lrp0nqwaFVzF3Xuok","official.sajidh@gmail.com","Sajidh","Mohamed","Sajidh Mohamed","","true","oauth_google","2026-01-14T07:37:21.845Z","2026-01-14T07:37:21.880Z","false","0","false","N/A"
"9bff5ef1-62e4-4de2-9722-7901030c081a","user_38DKUPHAlOYMmHC94gNoiwTfm9b","amritpalsingh2987@gmail.com","Amritpal","Singh","Amritpal Singh","","true","oauth_google","2026-01-13T18:25:16.521Z","2026-01-13T18:25:16.538Z","false","0","false","N/A"
"05e7fb5f-5d32-4fe5-8511-f659705ba726","user_38D8s0lSSv6WglzP6Y5yP0J0XHi","easypanservice1@gmail.com","easy pan","service","easy pan service","","true","oauth_google","2026-01-13T16:49:43.295Z","2026-01-13T16:49:43.314Z","false","0","false","N/A"
"d3796bd6-05bd-44e4-bb48-ba8e659c9017","user_38D2rObjBJ2TxTicLdCSjdyAKnM","paysmscess@outlook.com","paysms","cess","paysms cess","","true","none","2026-01-13T16:00:18.330Z","2026-01-13T16:00:18.343Z","false","0","false","N/A"
"f0a82fb1-b2b2-4646-8bf9-e251b6fb6d98","user_38BkwqArXwxtUrcxGUxPgOQr6Ty","nilesh@yopmail.com","Nilesh","Gosavi","Nilesh Gosavi","","true","none","2026-01-13T05:03:12.641Z","2026-01-13T05:51:49.387Z","false","0","false","N/A"
"447fef63-6c93-4508-a9a0-2459bf7d48ae","user_38ATnaJ0C4SmjqDRVQ4Y9lcq06K","123018061@sastra.ac.in","Mukkamalla Venkat Vinod",".","Mukkamalla Venkat Vinod .","","true","oauth_google","2026-01-12T18:12:23.664Z","2026-01-12T18:12:23.686Z","false","0","false","N/A"
"5fb9a8a9-8920-42b0-8ab7-925ec26b48c4","user_380pJyap2Wu8gPbTIJA0BPRvUsO","y.aykut7455@gmail.com","Aykut","Yıldırım","Aykut Yıldırım","","true","oauth_google","2026-01-09T08:11:14.659Z","2026-01-09T08:11:14.674Z","false","0","false","N/A"
"526d0437-10f8-43e8-a83c-39b43e583e32","user_37vsBnFuSJynRHKBZHY1UyuhZBE","manastamboli2@gmail.com","57 manas","tamboli","57 manas tamboli","","true","oauth_google","2026-01-07T14:05:45.874Z","2026-01-07T14:05:45.894Z","false","0","false","N/A"
"3c46e1af-e69a-489f-a657-03643d380cd9","user_37rymnSMWPHF450SYacuThcPy6N","agusdono27@gmail.com","Agus","Dono","Agus Dono","","true","none","2026-01-06T05:00:45.006Z","2026-01-06T05:00:45.015Z","false","0","false","N/A"
"f1416337-2c89-4ae3-8f43-d11ff7347449","user_37pku97zgGBaCzV1CVLFgwA9nt2","trunal.argon01@gmail.com","Trunal","Argon","Trunal Argon","","true","oauth_google","2026-01-05T10:06:59.753Z","2026-01-05T10:06:59.768Z","false","0","false","N/A"
"d908b289-4f8a-4d3a-ac7b-7cca59bd5599","user_37pQNOMnjrBAsbf7fS5Sbl8tIoK","ilovefreesoftware.test@gmail.com","I Love","Free Software","I Love Free Software","","true","oauth_google","2026-01-05T07:18:11.238Z","2026-01-05T07:18:11.251Z","false","0","false","N/A"
"be8b9185-c02e-4cef-89ad-0eb09a84b1a4","user_37otBqYasWXQx2TQbarjQGvloPU","blacklovertechdeveloper@gmail.com","blacklovertech","developer","blacklovertech developer","","true","oauth_google","2026-01-05T02:45:18.072Z","2026-01-05T02:45:18.089Z","false","0","false","N/A"
"d192f1bc-f58d-45c6-af25-625aad1e71c9","user_37hSEoeVWDFrVhxsh4ampF9QkIt","noiemany@gmail.com","Treelancer","","Treelancer","","true","oauth_google","2026-01-02T11:35:00.982Z","2026-01-02T11:35:01.002Z","false","0","false","N/A"
"e99f48ae-69bc-41eb-89e9-6d25b1d43e8b","user_37fOBk6oAh57mBSQ7fS857zBNBt","iamyannick237@gmail.com","yannick","","yannick","","true","oauth_google","2026-01-01T18:02:05.445Z","2026-01-03T18:23:51.882Z","false","0","false","N/A"
"1289b496-5048-4250-95fc-fb1f5f1a66ff","user_37QiLlDUDRlcXTO1nmtHAYG0X8B","pradeeppawar9922@gmail.com","Pradeep","Pawar","Pradeep Pawar","","true","none","2025-12-27T13:20:41.086Z","2025-12-27T13:20:41.095Z","false","0","false","N/A"
"c6122b90-0699-4a27-a7fa-cd64b793fd5b","user_37MSUYfIYLBICntq0qVrcAebTM1","mulekinb@gmail.com","Henrique","Oliveira","Henrique Oliveira","","true","oauth_google","2025-12-26T01:11:02.607Z","2025-12-26T01:11:02.622Z","false","0","false","N/A"
"44e3dafc-d82f-45ac-937f-2e44a6ad2416","user_37JpE6xkiDC4vuJ8EBUmGCo05gO","giteshtamboli0@gmail.com","Gitesh","Tamboli","Gitesh Tamboli","","true","none","2025-12-25T02:48:33.470Z","2025-12-25T02:48:33.480Z","false","0","false","N/A"
"722c14a3-0d05-4ac5-8eb1-df87ebbae5d6","user_36sgqOfoSghf7N1EbyGf8TVLjoq","ersindenim@gmail.com","Ersin","Deniz","Ersin Deniz","","true","oauth_google","2025-12-15T12:14:42.555Z","2025-12-15T12:14:42.574Z","false","0","false","N/A"
"72f60535-0f52-4272-8a8e-974d74af7979","user_36qXLWbSq3ozKCJhX0vZjcTa5qc","siennamaya389@gmail.com","Sienna Maya","","Sienna Maya","","true","oauth_google","2025-12-14T17:56:59.534Z","2025-12-14T17:56:59.550Z","false","0","false","N/A"
"3bf1282d-9c58-4a7e-ae52-ce14f207a817","user_36KoLwDLeUoudXi0QXB5YPwt7W4","posterappofficial@gmail.com","poster","app","poster app","","true","oauth_google","2025-12-03T12:22:51.987Z","2025-12-03T12:22:52.005Z","false","0","false","N/A"
"2204a815-2b51-49cc-8d95-d78bc07696ed","user_36AI0KrFRnoz9bSejP0KS9JEBxk","juliocostaesilva4@gmail.com","Júlio","César","Júlio César","","true","oauth_google","2025-11-29T18:58:44.552Z","2025-11-29T18:58:44.566Z","false","0","false","N/A"
"a84aa4de-2749-4ce7-9ef6-6eb7af0ae1d2","user_35yyi9cpL8XBuw57JEXtcxtpXvn","bladeng0508@gmail.com","Kiriya","","Kiriya","","true","oauth_google","2025-11-25T18:52:10.700Z","2025-11-25T18:52:10.717Z","false","0","false","N/A"