email,name,new_user_id,old_clerk_id,temp_password,email_sent,auth_method
"info@aryanshinde.in","Aryan Shinde","c9033125-1f6e-459f-9e0d-47cc31837f7f","user_3JQLWLSMljB58dIySftIp2Dh8ON","WaChat-c4df-897a","false","email_and_password"
"gamingakter25@gmail.com","Gaming Akter","bf1a8f17-f436-4716-921d-e45072d88229","user_3I0hcPp7PEMGwYChm07swP8Wprb","WaChat-8a90-9093","false","email_and_password"
"harxatech@gmail.com","Harxa Tech","c3b5c4c0-517e-4251-93f1-325ae55dd224","user_3Hg8B7yWcTXEu8toKrQHNPpcy6U","WaChat-a081-caa1","false","email_and_password"
"spridonpapas@gmail.com","test test","a32ccd4a-1f25-4044-ab39-9fe5380e5d08","user_3HN3PpZTotFGjRU43Cf8UPyMgmt","WaChat-d3e4-d3d8","false","email_and_password"
"456mohamedsimo@gmail.com","mohamed jaber","74ea976e-3ed2-40b3-819c-addc8ca575c8","user_3GxulHfH4HdrWZ9C7OFAAUey4uZ","WaChat-4525-f2f8","false","email_and_password"
"pubg73player@gmail.com","pubg player","1ff5a868-2f36-46e7-bd60-96ca2edea8ac","user_3GfFuF4n318zyRVR5UUzj5TqyGH","WaChat-96dc-a74f","false","email_and_password"
"niladirumah80@gmail.com","Nila dirumah","39d06ea0-3984-4850-b974-95715a558a00","user_3GJjpvbYwapJZgdU9yXZGoC0h0P","WaChat-57cb-3930","false","email_and_password"
"orderfastaceriashop@gmail.com","Fasta Ceria Shop","5a782c96-8318-488e-ab39-4ce32b402692","user_3FqReNIWK1hyruCuiZKqCEIyk71","WaChat-0eb1-ce36","false","email_and_password"
"devoutlooks@gmail.com","Dev Outlooks","abce492a-48bd-4b99-bb6f-7e13420d88f5","user_3FVsf9lxClTjyaEJFe0pGZf8nBz","WaChat-ff44-2fd4","false","email_and_password"
"ersnidhi@gmail.com","Shubhash N Thakur","4331541d-aacb-4827-80b4-73a79eb9ac4d","user_3F6gR7JkfJHrAfP4eeFd3J8PepX","WaChat-f12b-c122","false","email_and_password"
"hanirizo@gmail.com","Riza Masykur","d2b996af-37d4-47ab-ab23-22dfdb98e016","user_3F5gv0SuE1hyIlecVdvU8EA9bzG","WaChat-6564-1990","false","email_and_password"
"help.akash7@gmail.com","Akash Jangir","1ce874bc-f704-4265-a2f6-cb00011dcb76","user_3EgNBqIJVNMVqicjskmTL0mE9qC","WaChat-1105-5740","false","email_and_password"
"shivanshbisnoi@gmail.com","Shivansh Bishnoi","f6bd56a0-52b4-42af-b658-ea719798d765","user_3EWJBCTb76DUKhPIVDZIIc3mX0o","WaChat-cb5d-d993","false","email_and_password"
"promo@asmyi.yoga","Promotion Center","125f35d3-155e-421d-ba07-f1aa5e73c576","user_3EKFPzC6jFcI2JJqmvktie3Q7TI","WaChat-0bca-2b19","false","email_and_password"
"bheesmalord@gmail.com","Lord Bheesma","5c06ca31-0924-4795-bddb-3f69ee7de092","user_3E2sZ3In9QRxT4Q3gEM7ggwheyM","WaChat-545a-319d","false","email_and_password"
"jilinis302@itquoted.com","Test User","85d2eff6-9750-411e-a5ca-676de1de88d3","user_3Dx7JxRTFO6jamlVrAJTjcJ4UOT","WaChat-d6be-bff5","false","email_and_password"
"meetdonda3526@gmail.com","Meet Donda","4c668599-7857-424f-a9e3-6b4999a7b5c4","user_3Du527XyrrV7BTa2a0EbuME649j","WaChat-39e0-2b35","false","email_and_password"
"sulzax0@gmail.com","Suleman Bashir","780dd1c7-077d-4c8e-a263-392015586a06","user_3D00J96neTvesF5a5ewU1MPXMO1","WaChat-4e02-cb52","false","email_and_password"
"fibonaccitradingschool@gmail.com","Fibonacci trading School","40b1a07c-d16e-4995-bd92-4ce3ffde3c35","user_3Ctx79sX4h18ym2jMvXzAupgB2o","WaChat-11a9-5255","false","email_and_password"
"vaersimulation@gmail.com","SaravanaPerumal N","bf63347e-c4da-4ccc-9b27-fbe906032ce8","user_3CpFNsInznU0ubUBxxAWTAR53y1","WaChat-1a27-aa9e","false","email_and_password"
"vegisip103@tatefarm.com","KUMARASWAMY B","1f87b1ae-8b0a-4389-9f3f-d7c8cfd93936","user_3CauONW4hrBinkH4ibF9qPgkvfJ","WaChat-413b-285f","false","email_and_password"
"yousuf.9305@gmail.com","Joseph","7f8210f6-5b23-4ce1-bfb3-74597aebf7c6","user_3CC1CApyGHG1fIL6Q95phxGba0B","WaChat-50fe-b964","false","email_and_password"
"eu@jonatassoares.com","jonatas soares","2d5ce1d3-f81f-439b-9b5e-5d8dd54d0747","user_3C8zlQRBylo85mIVMj0v8V9NyNF","WaChat-a99a-f4f8","false","email_and_password"
"vangalasrk@gmail.com","Srk vangala","cc22bd89-068e-4426-979f-ea2dbd211a85","user_3C48gULLqHfbdspN7RUlRiNivQI","WaChat-2cc6-ed61","false","email_and_password"
"falak635@uorak.com","Samuel Santos","4293403f-9a30-41e4-96ee-abec4793a2f9","user_3C2qAUih1J5fgLJ40pMCFRfGBd6","WaChat-90c1-0e66","false","email_and_password"
"cchitsiang@gmail.com","Chew Chit Siang","21ade56b-6f3d-4c5a-8fa1-8c8dc1b1160a","user_3ByGgy5QofMgqfUbezU11wqCdhZ","WaChat-2d08-727b","false","email_and_password"
"younessetalibi11@gmail.com","Younes Talibi","71968d63-40cc-4fd9-b2a2-78d3bac38467","user_3BntKp30ihZImXOCXb6rcggOtMo","WaChat-b3c5-c4a0","false","email_and_password"
"shakirshakeelzargar11@gmail.com","Shakir Shakeel","bd3c3212-ef96-4e4d-a06f-b4bb72efde09","user_3BURr6M2UektB144IwlY9uXJClJ","WaChat-2fb5-2ce4","false","email_and_password"
"abalderas.dev@gmail.com","Alberto Balderas","daf690ac-b4b0-40a0-8c01-6051d8d55b33","user_3BMdnRBpIAbu3AG2m612tPRoyb7","WaChat-d6c5-632a","false","email_and_password"
"maicollassop@gmail.com","Michael Lasso","520328ad-447b-4980-aaf4-81dea48b517d","user_3BMUoPRI6UTnm2vrwV48Kca1nju","WaChat-0d7c-d5ac","false","email_and_password"
"studytogollp@gmail.com","studytogo","74004315-419b-4f82-a866-e708a85b3a8f","user_3BFlrMDHSyA0PCtgP4RGdjc7WsI","WaChat-f29d-5b7c","false","email_and_password"
"hivaje1082@pazard.com","од бтд","8a2af39a-b714-4fb0-9f55-6b485379313c","user_3BCwzphI7CGKglGoijpfDsT18rC","WaChat-d6c9-4491","false","email_and_password"
"danny@afridesign.com","Danny Cameron","71194c98-a6e4-47e4-bc4e-9ce90ed3dc72","user_3BBBJXiRgFLQgngmNypQYpybCLZ","WaChat-4c48-27e9","false","email_and_password"
"wachat@aryanshinde.in","Aryan Shinde","bfde2a71-b5db-484f-a4ee-dd26c971dbc5","user_3B9thpoLIdOORbgEKHPFJHl6cvf","WaChat-2f06-d2a9","false","email_and_password"
"manishrs5235@gmail.com","Manish Shinde","bfbbe6fa-bd00-480e-ab38-f4826e5205d7","user_3B1t5TA7bHyspMVBhBqMXjcBnyx","WaChat-ddb8-57aa","false","email_and_password"
"gonzalezagipomaralexander@gmail.com","Cristhian Gonzalez GONZALEZ","22300e00-9449-4507-a654-62d0fd040724","user_3AwVh62he2MfqZifZ0A2WHiucOJ","WaChat-b96a-432e","false","email_and_password"
"seekeasy.ae@gmail.com","Seek Easy","1f093155-fd03-40ee-bd4f-7fe1429b1b8e","user_3AtfOPTRbTuZaEJlGfdgDwZuxg4","WaChat-fa3b-f7ca","false","email_and_password"
"arafinjazat@gmail.com","araf injazat","b8e22ae3-3db1-4cdd-bc51-b5f2222ac013","user_3AteuueiJmtLeqfaZ9GJ8BwOlBi","WaChat-1391-2755","false","email_and_password"
"apilasoft@gmail.com","API lasoft API lasoft","c4029c0d-e90f-43e0-af60-b2c743e2ba09","user_3Ao4sPDtCdb3B1E1BEzWNol3OLm","WaChat-3d30-0b71","false","email_and_password"
"vinnimedeiros.mkt@gmail.com","Vinni Medeiros","b5a0a782-3b98-4d8e-993f-a45c32c79c8f","user_3AgLX9PZsZXneTGLVlPTliUAf6I","WaChat-b159-328f","false","email_and_password"
"pkmymoonpk@gmail.com","Mymoon P.","ebbc0ddf-dd3d-4244-8e56-dd6250ffe285","user_3AXECyUzbZwAk1NrqGLK65mwHTD","WaChat-8af3-a053","false","email_and_password"
"iletisim@emredik.com","Emre Dik","0abb127c-378a-4959-8a5e-72737f519ebb","user_3AJ8uX2CoUtmmDdaronFSmeplZf","WaChat-c084-e861","false","email_and_password"
"ayushrajayushraj350@gmail.com","Ayush Raj Ayush Raj","d5ca9eef-950c-4835-b9ba-8d3d6f7dd922","user_3AFgxXUP0qiNkTaGjjbk4q9rthx","WaChat-a83b-a9a4","false","email_and_password"
"ayushrajayushhh@gmail.com","Ayush Raj","412ec748-ccd0-4a5a-a086-816398feecd9","user_3AB57FOxxZIq9N0Bsyrx72WnNHe","WaChat-5958-19fc","false","email_and_password"
"rodrigo.marino@platam.co","Rodrigo Marino","6df1f562-b8f4-48f2-aa07-65889966a23f","user_3A2MPM8CfUiHWv6D6MEpf4UmIqG","WaChat-f7b0-96f2","false","email_and_password"
"rajat.saraswat@westack.ai","Rajat Saraswat","7083e814-bcd7-4add-8654-98f14d46419b","user_39vI517ViLQxG9AOwFZoyOWmQVy","WaChat-7ab2-d2cc","false","email_and_password"
"anasusman0324@gmail.com","Muhammad Anas Usman","2fbf5edc-cd80-4788-8d59-c283e803b6e2","user_39tsZh0OqzQRbgcNUxVNXgbbgPN","WaChat-4eb9-c496","false","email_and_password"
"hmdhsn5555@gmail.com","Hamad Hassan","c2ad09cb-71c9-4fd9-9456-b8a5b9abcab6","user_39qD3dbihMxdYqzW4mdeHscJcJK","WaChat-63c1-5680","false","email_and_password"
"blacklovertech66@gmail.com","blacklovertech","e07c3ac9-1e17-4e25-a594-78ea1616740e","user_39pzC3HmacD26tdBHZbxlniUp4j","WaChat-7bba-3bde","false","email_and_password"
"karisikkirisik@gmail.com","Emre Yücetürk","6ac7658d-c7ea-461d-b5ca-5713869fe2cc","user_39ol6ghuWB0cYRvjQxMVDznGbd3","WaChat-57a8-942f","false","email_and_password"
"bizapisolution@gmail.com","Biz Api Solutions","f9a22ded-e44a-4c9c-bb09-3394170e143d","user_39oMNeDCM5dNLttv2llBG9Z3vE2","WaChat-f811-11c8","false","email_and_password"
"sachinkrpandey77@gmail.com","sachin pandey","dcf08284-0a27-4f35-bfa9-c309bc14f7c2","user_39oHZf3854ZRzejYbmMe7ijpTAb","WaChat-9bc0-bc08","false","email_and_password"
"jackcharlessmith12@gmail.com","Test Charles","ec870d18-d2f8-402e-b42a-f0bb3f235ccf","user_39nxqTUfAxGThzWn9XUiQbfv4zv","WaChat-0650-7729","false","email_and_password"
"maximus.shah2017@voiceglobals.com","DIM DOM","7c8d0436-5829-4db9-9cfc-3eae388586e7","user_39iAcIcqkK9cpqlsw6fLayF55dP","WaChat-c7a5-f4a8","false","email_and_password"
"neuroedge05@gmail.com","Neuro Edge","d9746bcb-3c62-4168-9bd7-a93448c36b20","user_39i8vCGaESW1OQgtvO6ajCQD8JS","WaChat-b516-98f1","false","email_and_password"
"pikoce9195@deposin.com","Demo User","fca7c2a5-38eb-43e5-8e1f-3fe9198e659b","user_39i3UQyAg2TdJvZHDhU4pmtwrfA","WaChat-60c0-c79b","false","email_and_password"
"devallyofficial@gmail.com","DevAlly","3b8d9c42-4690-4677-83db-6e4b18f9bdf5","user_39hzwx2bZXgbqJGMMQ2LRtxSXmf","WaChat-8b25-efd9","false","email_and_password"
"10d.yashnimse@gmail.com","Yash Nimse X D","69b30efd-7ddc-4df5-beb2-63dc4f3726b5","user_39hyTOLEidbAyZH08qfgvPPBpfc","WaChat-f79c-94f8","false","email_and_password"
"serena.vazquez2007@eldoriaan.com","Yash Nimse","4a445910-7964-4f8d-850b-1a8a8e76c6f4","user_39hyIq0bWHYulqAj9oxjqPzmMnl","WaChat-817f-a214","false","email_and_password"
"vijayanimse41@gmail.com","Vijaya Nimse","df73df41-2dda-41ed-b8f3-17cd570a32ef","user_39hvOVXPa4rFi1ZJZuSja3T88pB","WaChat-dbba-7c91","false","email_and_password"
"yashnimse92@gmail.com","Yash Nimse","d1836712-5064-421d-abdf-f1c35602056b","user_39hjCyI9x9GoOGZpvrPKYYDXb7O","WaChat-cfd9-6950","false","email_and_password"
"yashnimse42@gmail.com","Yash Nimse","0d7fdd9a-f64a-4742-be3f-95e8315fd9ab","user_39hgYJFdBV6SZmByv3EmJVQG2rP","WaChat-9257-3108","false","email_and_password"
"shindearyan179@gmail.com","Aryan Shinde","92872d31-d339-44b9-95f2-56cf64b43671","user_39fjcXnp2YTWNdw3aMmcpEBs1jD","WaChat-2c0b-334d","false","email_and_password"
"support@aryanshinde.in","Aryan Shinde","3a721201-16d4-49bc-863b-12a9a4e36c4a","user_39fM10cGiRvpksnIRFpTWWDpQFX","WaChat-0ce4-b4ac","false","email_and_password"
"contact@aryanshinde.in","Aryan Shinde","721a4b12-dcec-4c8d-b299-4416d6e66497","user_39WfNVErVaLwFwtpp3v6FDBfltd","WaChat-4afe-f3a8","false","email_and_password"
"matandaelis@gmail.com","Elis Matanda","6b04ee11-da7d-49f3-a2ac-07ed32a83c45","user_39Uooxyusuq0xWDAp6nZHKB3NAg","WaChat-b9ae-787c","false","email_and_password"
"mitzderuler@gmail.com","Amazner","e1392412-d148-4538-9572-2062419dfdbd","user_39Qqsp1vpivIfhnBpHr8vCSPcmm","WaChat-9262-315c","false","email_and_password"
"racide2698@aixind.com","test test","acf13fab-e491-4d0c-8d55-eb7a63d93d2c","user_39A4ZzEiuSCxg8WnRindFVsj4z3","WaChat-b745-25d3","false","email_and_password"
"venuhegde6@gmail.com","Tech gopal Hegde","102d8851-e265-4196-9074-fd0ccc330999","user_39A2NPerMLnKt8Wa458DaAsO1DK","WaChat-c92a-3e90","false","email_and_password"
"soporte.ec54@gmail.com","Soporte","9b1c91ae-69ff-44a0-82dd-43ae637e63f7","user_38wEPRQH9sLhi25aIX0LCqp3TSL","WaChat-3977-9037","false","email_and_password"
"sebastionalenda@gmail.com","Jorge Silvério","712b0427-b5ba-49bc-baff-5e432fa38689","user_38vvN6aeUz5u7DjxeuIAA95AjBP","WaChat-79b7-5336","false","email_and_password"
"farouk.stitou@yaloo.fr.nf","Farouk Stitou","cb29f398-7572-4034-95c8-c77ac94520f0","user_38rFmtC67sV2uCeChbExJuFENMX","WaChat-2100-3974","false","email_and_password"
"ajaycodetentacles@gmail.com","Ajay Codetentacles","6125c6d8-36b5-45e1-99e4-e9d371db7203","user_38q48vvfMpPzkexPwKaOMjg13DA","WaChat-8f5b-18bf","false","email_and_password"
"sidrathi36@gmail.com","Sidharth","f7bf7d29-896d-4ae9-93b7-fc558c288dc5","user_38cXN2fBXvZzRW26koD2jUAxH2R","WaChat-1ed8-0eef","false","email_and_password"
"darshanmved@gmail.com","Darshan Ved","e108351f-58b5-441f-9bdf-867278b2239b","user_38ZOWtlA65RASQYocA5OyYwftYC","WaChat-dd7d-95b5","false","email_and_password"
"yanglekh1@gmail.com","Muhammad Faridz","41fe03b9-2709-40d4-9c82-aa58a31663bf","user_38Ym2RB70ancmse3DkmHqenzzNf","WaChat-2fc0-0663","false","email_and_password"
"xjonatan@gmail.com","Jonatan Vazquez Piña","4593bc09-953c-48f1-9273-24846966f3be","user_38XBRM6cUy0p7761g86usI9xlt0","WaChat-9f50-411c","false","email_and_password"
"demirelaerhat14@gmail.com","Serhat Demirel","88eb0af8-320c-42a2-a589-c63051c11b02","user_38UtNeQrK5hCSbdeAApWOJVCDfH","WaChat-216e-0a99","false","email_and_password"
"official.sajidh@gmail.com","Sajidh Mohamed","e4e0aaf9-b754-435d-bf5a-589c665f1191","user_38Esoq7Nb8lrp0nqwaFVzF3Xuok","WaChat-7491-8af9","false","email_and_password"
"amritpalsingh2987@gmail.com","Amritpal Singh","9bff5ef1-62e4-4de2-9722-7901030c081a","user_38DKUPHAlOYMmHC94gNoiwTfm9b","WaChat-a02c-7c2a","false","email_and_password"
"easypanservice1@gmail.com","easy pan service","05e7fb5f-5d32-4fe5-8511-f659705ba726","user_38D8s0lSSv6WglzP6Y5yP0J0XHi","WaChat-f1c2-efe7","false","email_and_password"
"paysmscess@outlook.com","paysms cess","d3796bd6-05bd-44e4-bb48-ba8e659c9017","user_38D2rObjBJ2TxTicLdCSjdyAKnM","WaChat-3d28-e4cc","false","email_and_password"
"nilesh@yopmail.com","Nilesh Gosavi","f0a82fb1-b2b2-4646-8bf9-e251b6fb6d98","user_38BkwqArXwxtUrcxGUxPgOQr6Ty","WaChat-0f6a-026c","false","email_and_password"
"123018061@sastra.ac.in","Mukkamalla Venkat Vinod .","447fef63-6c93-4508-a9a0-2459bf7d48ae","user_38ATnaJ0C4SmjqDRVQ4Y9lcq06K","WaChat-ad76-18d6","false","email_and_password"
"y.aykut7455@gmail.com","Aykut Yıldırım","5fb9a8a9-8920-42b0-8ab7-925ec26b48c4","user_380pJyap2Wu8gPbTIJA0BPRvUsO","WaChat-4337-1882","false","email_and_password"
"manastamboli2@gmail.com","57 manas tamboli","526d0437-10f8-43e8-a83c-39b43e583e32","user_37vsBnFuSJynRHKBZHY1UyuhZBE","WaChat-3c30-7723","false","email_and_password"
"agusdono27@gmail.com","Agus Dono","3c46e1af-e69a-489f-a657-03643d380cd9","user_37rymnSMWPHF450SYacuThcPy6N","WaChat-095c-e95f","false","email_and_password"
"trunal.argon01@gmail.com","Trunal Argon","f1416337-2c89-4ae3-8f43-d11ff7347449","user_37pku97zgGBaCzV1CVLFgwA9nt2","WaChat-cb1d-9bfb","false","email_and_password"
"ilovefreesoftware.test@gmail.com","I Love Free Software","d908b289-4f8a-4d3a-ac7b-7cca59bd5599","user_37pQNOMnjrBAsbf7fS5Sbl8tIoK","WaChat-ce34-fbd5","false","email_and_password"
"blacklovertechdeveloper@gmail.com","blacklovertech developer","be8b9185-c02e-4cef-89ad-0eb09a84b1a4","user_37otBqYasWXQx2TQbarjQGvloPU","WaChat-3723-557e","false","email_and_password"
"noiemany@gmail.com","Treelancer","d192f1bc-f58d-45c6-af25-625aad1e71c9","user_37hSEoeVWDFrVhxsh4ampF9QkIt","WaChat-4d99-c7a3","false","email_and_password"
"iamyannick237@gmail.com","yannick","e99f48ae-69bc-41eb-89e9-6d25b1d43e8b","user_37fOBk6oAh57mBSQ7fS857zBNBt","WaChat-22ee-82fc","false","email_and_password"
"pradeeppawar9922@gmail.com","Pradeep Pawar","1289b496-5048-4250-95fc-fb1f5f1a66ff","user_37QiLlDUDRlcXTO1nmtHAYG0X8B","WaChat-fc6d-4c7e","false","email_and_password"
"mulekinb@gmail.com","Henrique Oliveira","c6122b90-0699-4a27-a7fa-cd64b793fd5b","user_37MSUYfIYLBICntq0qVrcAebTM1","WaChat-91bb-5d7c","false","email_and_password"
"giteshtamboli0@gmail.com","Gitesh Tamboli","44e3dafc-d82f-45ac-937f-2e44a6ad2416","user_37JpE6xkiDC4vuJ8EBUmGCo05gO","WaChat-5a66-0ba3","false","email_and_password"
"ersindenim@gmail.com","Ersin Deniz","722c14a3-0d05-4ac5-8eb1-df87ebbae5d6","user_36sgqOfoSghf7N1EbyGf8TVLjoq","WaChat-eca9-8e22","false","email_and_password"
"siennamaya389@gmail.com","Sienna Maya","72f60535-0f52-4272-8a8e-974d74af7979","user_36qXLWbSq3ozKCJhX0vZjcTa5qc","WaChat-0b91-e1b8","false","email_and_password"
"posterappofficial@gmail.com","poster app","3bf1282d-9c58-4a7e-ae52-ce14f207a817","user_36KoLwDLeUoudXi0QXB5YPwt7W4","WaChat-bc27-b80f","false","email_and_password"
"juliocostaesilva4@gmail.com","Júlio César","2204a815-2b51-49cc-8d95-d78bc07696ed","user_36AI0KrFRnoz9bSejP0KS9JEBxk","WaChat-b3e0-3f40","false","email_and_password"
"bladeng0508@gmail.com","Kiriya","a84aa4de-2749-4ce7-9ef6-6eb7af0ae1d2","user_35yyi9cpL8XBuw57JEXtcxtpXvn","WaChat-210e-431a","false","email_and_password"